[					
			{
        		"text":"个人资料",
        	    "expanded": true,
        	    "children": [{
        	        "iconCls": "x-fa fa-envelope",
	                "dataUrl":"app.view.person.envelope.List",
	                "text": "我的信箱",
	                "leaf": true
	            },{
	                "text": "留言管理",
	                "leaf": true
	            },{
	                "text": "相册管理",
	                "leaf": true
           		},{
	                "text": "日志管理",
	                "leaf": true
	            },{
	            	"iconCls": "x-fa fa-envelope",
	                "dataUrl":"app.view.systemattach.UploadGrid",
	                "text": "我的文件",
	                "leaf": true
	            }]
        	}, {
        		"text":"日程管理",
        	    "expanded": true,
        	    "children": [{
	                "text": "日历管理",
	                "leaf": true
    	    	}]
        	}, {
                "text": "风格管理",
                "leaf": true
        	},{
                "text": "公司公告",
                "leaf": true
        	},{
                "text": "帮助信息",
                "leaf": true
            }
]