[
			{	
				"id":"技术部",
	        	"text":"技术部",
	        	"iconCls": "x-fa fa-university",
        	    "children": [
	        	    {"id":"技术部一组","text": "技术部一组","iconCls": "x-fa fa-user","leaf": true},
	        	    {"id":"技术部二组","text": "技术部二组","iconCls": "x-fa fa-user","leaf": true}
        	    ]
        	}, {
        		"id":"研发部",
        		"text":"研发部",
        		"iconCls": "x-fa fa-university",
        	    "children": [
	        	    {"id":"研发部一组","text": "研发部一组","iconCls": "x-fa fa-user","leaf": true},
	        	    {"id":"研发部二组","text": "研发部二组","iconCls": "x-fa fa-user","leaf": true}
        	    ]
        	}, {
        		"id":"运营部",
        		"text":"运营部",
        		"iconCls": "x-fa fa-university",
        	    "children": [
	        	    {"id":"运营部一组","text": "运营部一组","iconCls": "x-fa fa-user","leaf": true}, 
	        	    {"id":"运营部二组","text": "运营部二组","iconCls": "x-fa fa-user","leaf": true},
	        	    {"id":"运营部三组","text": "运营部三组","iconCls": "x-fa fa-user","leaf": true}
        	    ]
        	}, {
        		"id":"销售部",
                "text": "销售部",
                "iconCls": "x-fa fa-university",
                "children": [
	                {"id":"销售部一组","text": "销售部一组","iconCls": "x-fa fa-user","leaf": true}, 
	                {"id":"销售部二组","text": "销售部二组","iconCls": "x-fa fa-user","leaf": true}
                ]
        	},{
        		"id":"人事部",
                "text": "人事部",
                "iconCls": "x-fa fa-university",
                "leaf": true
        	}
]     
	