[					
		   {
        		"text":"manage",
        		"iconCls": "x-fa fa-stack-overflow",
        	    "expanded": true,
        	    "children": [{
    	    		"id":"canmessage",
	                "text": "CANMessage",
	                "iconCls": "x-fa fa-calendar",
	                "dataUrl":"app.view.canMessage.List",
	                "leaf": true
    	    	},
    	    	{
    	    		"id":"canmsignal",
	                "text": "CANSignal",
	                "iconCls": "x-fa fa-calendar",
	                "dataUrl":"app.view.canSignal.List",
	                "leaf": true
    	    	}]
        	}
]